Aminoacid,Volume,Mass,HP,Area,AlphaHelix,Bstrand,Turn
A,67,71.09,1.8,0.74,1.41,0.72,0.82
I,148,156.19,-4.5,0.64,1.21,0.84,0.9
N,96,114.11,-3.5,0.63,0.76,0.48,1.34
D,91,115.09,-3.5,0.62,0.99,0.39,1.24
C,86,103.15,2.5,0.91,0.66,1.4,0.54
Q,114,128.14,-3.5,0.62,1.27,0.98,0.84
E,109,129.12,-3.5,0.62,1.59,0.52,1.01
G,48,57.05,-0.4,0.72,0.43,0.58,1.77
H,118,137.14,-3.2,0.78,1.05,0.8,0.81
I,124,113.16,4.5,0.88,1.09,1.67,0.47
L,124,113.16,3.8,0.85,1.34,1.22,0.57
K,135,128.17,-3.9,0.52,1.23,0.69,1.07
M,124,131.19,1.9,0.85,1.3,1.14,0.52
F,135,147.18,2.8,0.88,1.16,1.33,0.59
P,90,97.12,-1.6,0.64,0.34,0.31,1.32
S,73,87.08,-0.8,0.66,0.57,0.96,1.22
T,93,101.11,-0.7,0.7,0.76,1.17,0.9
W,163,186.21,-0.9,0.85,1.02,1.35,0.65
Y,141,163.18,-1.3,0.76,0.74,1.45,0.76
V,105,99.14,4.2,0.86,0.9,1.87,0.41