Type,Volume,Mass,HP,Area,AlphaHelix,Bstrand,Turn,Accession,UniProtID,SequenceLength,Ala (A) (%),Arg (R) (%),Asn (N) (%),Asp (D) (%),Cys (C) (%),Gln (Q) (%),Glu (E) (%),Gly (G) (%),His (H) (%),Ile (I) (%),Leu (L) (%),Lys (K) (%),Met (M) (%),Phe (F) (%),Pro (P) (%),Ser (S) (%),Thr (T) (%),Trp (W) (%),Tyr (Y) (%),Val (V) (%),Pyl (O) (%),Sec (U) (%),Carbon count,Hydrogen count,Nitrogen count,Oxygen count,Sulfur count,MolecularWeight,TheoreticalPi,NegativelyCharged,PositivelyCharged
R5X4,10376.0,10936.830000000004,-9.600000000000007,72.03,95.94999999999997,101.71000000000001,91.16,AB014795,Q786J6,107,1.9,7.5,11.2,0.9,1.9,2.8,7.5,6.5,1.9,10.3,8.4,7.5,0.0,1.9,2.8,4.7,10.3,1.9,1.9,8.4,0.0,0.0,538.0,886.0,160.0,159.0,2.0,12204.05,9.86,9,16
R5X4,16129.0,17131.100000000002,-23.700000000000003,114.60999999999996,147.92000000000002,155.26999999999998,150.27,AF062029,Q9WBP2,163,3.7,3.1,9.8,2.5,3.7,3.1,5.5,8.0,2.5,11.0,6.7,8.0,0.6,3.1,5.5,6.1,8.6,0.6,2.5,5.5,0.0,0.0,791.0,1275.0,221.0,239.0,7.0,17929.58,8.92,13,18
R5X4,15350.0,16314.199999999995,-21.99999999999999,108.21,139.03000000000003,147.37999999999997,140.63000000000002,AF062031,Q9WBP4,154,3.2,3.2,9.1,2.6,3.9,2.6,5.2,7.1,2.6,11.0,6.5,8.4,1.3,3.2,5.8,7.1,7.8,0.6,3.2,5.2,0.0,0.0,758.0,1215.0,209.0,225.0,8.0,17112.73,9.05,12,18
R5X4,15256.0,16283.029999999999,-32.699999999999996,109.33999999999997,136.07000000000002,147.88,146.21,AF062033,Q9WBP6,158,3.2,4.4,9.5,2.5,3.8,3.2,3.8,8.9,2.5,9.5,5.7,7.6,0.6,3.2,6.3,6.3,9.5,0.6,3.2,5.7,0.0,0.0,765.0,1226.0,220.0,229.0,7.0,17393.91,9.43,10,19
R5X4,20545.0,22285.55,-103.79999999999998,142.93,196.70000000000002,178.6,188.84,AF107771,Q9QRW1,209,6.7,5.3,3.3,4.8,1.4,3.8,9.1,7.7,5.3,2.9,8.1,5.7,2.4,3.8,8.6,3.8,5.3,3.3,3.8,4.8,0.0,0.0,1082.0,1622.0,298.0,310.0,8.0,24021.07,5.99,29,23
R5X4,8724.0,9276.8,-9.499999999999996,61.660000000000004,80.98,84.97,79.63999999999999,U08680,Q70026,92,5.4,7.6,14.1,3.3,2.2,3.3,4.3,5.4,1.1,13.0,4.3,6.5,0.0,3.3,3.3,5.4,7.6,1.1,2.2,6.5,0.0,0.0,454.0,740.0,138.0,137.0,2.0,10387.83,9.83,7,13
R5X4,8720.0,9252.82,-4.000000000000001,61.27000000000001,81.19000000000001,84.92,77.85000000000001,U08682,Q70028,92,5.4,8.7,15.2,2.2,2.2,3.3,4.3,5.4,1.1,14.1,4.3,6.5,0.0,4.3,2.2,4.3,7.6,1.1,2.2,5.4,0.0,0.0,462.0,752.0,142.0,135.0,2.0,10520.04,10.22,6,14
R5X4,85065.0,90755.37,17.799999999999955,604.4399999999999,817.4700000000001,827.1300000000001,746.6400000000001,U08444,Q69994,873,5.8,5.8,8.0,2.9,2.6,4.7,6.6,6.6,1.5,7.4,9.4,4.8,2.2,2.9,3.4,5.5,7.7,3.2,2.1,6.8,0.0,0.0,4378.0,6937.0,1233.0,1284.0,42.0,98736.25,8.62,83,93
R5X4,82584.0,87934.18999999999,55.99999999999994,587.6600000000001,786.58,809.14,726.6400000000002,U08445,Q69996,847,5.5,5.8,6.8,3.4,2.6,4.8,5.8,7.2,1.4,8.1,9.7,5.1,1.8,2.7,3.5,6.3,7.0,3.4,2.4,6.6,0.0,0.0,4263.0,6747.0,1189.0,1235.0,37.0,95602.91,8.84,78,92
R5X4,10473.0,11181.960000000001,-17.100000000000005,74.19000000000001,97.02,103.34,95.17,AF355674,Q90TF8,110,3.6,7.3,12.7,2.7,1.8,3.6,5.5,6.4,2.7,10.0,3.6,6.4,0.9,3.6,2.7,6.4,7.3,1.8,0.9,10.0,0.0,0.0,543.0,877.0,167.0,163.0,3.0,12449.14,9.83,9,15
R5X4,10628.0,11345.130000000001,-21.400000000000013,75.17,100.3,102.58000000000001,98.33999999999999,AF355647,Q90TI5,111,5.4,6.3,12.6,3.6,1.8,3.6,5.4,6.3,1.8,11.7,3.6,7.2,0.9,3.6,2.7,7.2,6.3,1.8,0.9,7.2,0.0,0.0,543.0,878.0,164.0,166.0,3.0,12456.12,9.56,10,15
R5X4,10582.0,11291.07,-16.000000000000007,75.23,99.92,103.54000000000002,98.09999999999998,AF355630,Q90TK2,111,5.4,6.3,10.8,3.6,1.8,3.6,5.4,6.3,1.8,11.7,3.6,7.2,0.9,3.6,2.7,9.0,6.3,1.8,0.9,7.2,0.0,0.0,541.0,876.0,162.0,166.0,3.0,12402.07,9.56,10,15
R5X4,10949.0,11621.49,-29.40000000000002,75.81999999999998,102.40000000000002,103.94999999999997,98.22999999999998,AF355690,Q90TE2,111,2.7,5.4,9.0,2.7,1.8,2.7,8.1,6.3,3.6,13.5,5.4,8.1,0.9,2.7,3.6,6.3,9.9,0.9,1.8,4.5,0.0,0.0,552.0,898.0,160.0,169.0,3.0,12576.35,9.01,12,15
R5X4,8887.0,9422.990000000002,-16.600000000000005,61.480000000000004,86.55,85.03999999999998,76.76,M91819,Q77251,92,6.5,7.6,9.8,5.4,2.2,6.5,5.4,4.3,2.2,14.1,4.3,7.6,0.0,3.3,2.2,3.3,7.6,1.1,1.1,5.4,0.0,0.0,460.0,754.0,140.0,139.0,2.0,10534.02,9.39,10,14
R5X4,83418.0,88811.28000000001,47.00000000000006,591.8499999999998,796.8800000000001,814.14,728.2900000000001,AF035532,O92821,857,5.6,6.3,7.6,3.3,2.5,5.0,5.6,7.1,1.6,7.5,10.0,5.0,1.9,2.9,3.2,5.3,7.1,3.4,2.3,6.9,0.0,0.0,4335.0,6863.0,1227.0,1244.0,37.0,97260.87,9.14,76,97
R5X4,83496.0,88920.43000000001,56.30000000000004,592.2399999999999,796.99,816.91,726.08,AF035533,O92822,857,5.6,6.3,7.4,3.4,2.5,5.0,5.6,7.0,1.5,7.4,10.0,4.9,2.0,2.9,3.2,5.3,7.2,3.4,2.6,7.0,0.0,0.0,4343.0,6866.0,1222.0,1247.0,38.0,97370.01,9.07,77,96
R5X4,9079.0,9672.22,-21.599999999999994,63.690000000000005,82.61999999999999,89.19,82.55000000000001,AF259019,Q9E453,98,3.1,10.2,12.2,3.1,2.0,6.1,3.1,6.1,2.0,12.2,4.1,6.1,0.0,3.1,3.1,5.1,9.2,1.0,2.0,6.1,0.0,0.0,488.0,801.0,157.0,145.0,2.0,11251.81,10.67,6,16
R5X4,9307.0,9928.5,-28.599999999999994,64.94,85.24999999999999,90.77999999999999,84.5,AF259025,Q9E447,98,3.1,8.2,13.3,2.0,2.0,7.1,4.1,6.1,2.0,12.2,4.1,6.1,0.0,3.1,3.1,5.1,9.2,1.0,2.0,6.1,0.0,0.0,486.0,793.0,153.0,147.0,2.0,11195.7,10.22,6,14
R5X4,9337.0,9957.540000000003,-26.299999999999997,65.7,85.25999999999999,91.92999999999999,86.25,AF259021,Q9E451,98,3.1,7.1,13.3,1.0,2.0,7.1,4.1,7.1,2.0,12.2,4.1,6.1,0.0,3.1,3.1,6.1,9.2,1.0,2.0,6.1,0.0,0.0,481.0,784.0,150.0,146.0,2.0,11068.55,10.22,5,13
R5X4,9315.0,9907.499999999998,-26.299999999999986,64.72,85.65999999999998,90.85999999999999,84.6,AF259041,Q9E431,98,3.1,8.2,11.2,3.1,2.0,7.1,4.1,6.1,1.0,13.3,4.1,7.1,0.0,3.1,3.1,6.1,9.2,1.0,2.0,5.1,0.0,0.0,486.0,798.0,150.0,148.0,2.0,11174.72,10.11,7,15
R5X4,10990.0,11676.64,-21.999999999999996,77.40999999999998,103.83000000000003,104.19,101.16000000000001,AF258970,Q9E4A2,113,4.4,5.3,11.5,1.8,2.7,2.7,8.0,7.1,2.7,12.4,4.4,8.0,0.9,3.5,4.4,5.3,7.1,0.9,0.9,6.2,0.0,0.0,553.0,899.0,163.0,167.0,4.0,12631.45,9.16,11,15
R5X4,10758.0,11402.29,-13.599999999999998,76.78,103.08,103.91999999999997,100.24000000000001,AF258978,Q9E494,113,5.3,6.2,8.8,3.5,2.7,2.7,7.1,8.0,2.7,12.4,5.3,8.0,0.0,2.7,3.5,5.3,8.0,0.9,0.9,6.2,0.0,0.0,546.0,897.0,163.0,167.0,3.0,12513.3,9.15,12,16
R5X4,5829.0,6189.240000000001,-18.900000000000002,40.42,53.06,56.12,52.84,AF021607,O37694,63,3.2,11.1,9.5,3.2,3.2,6.3,3.2,7.9,1.6,12.7,4.8,7.9,0.0,1.6,3.2,1.6,11.1,1.6,3.2,3.2,0.0,0.0,317.0,524.0,102.0,92.0,2.0,7300.4,10.37,4,12
R5X4,9676.0,10044.119999999999,33.49999999999997,69.79999999999998,91.04999999999998,95.22999999999999,87.46000000000001,AF204137,Q9Q4U0,98,3.1,4.1,4.1,4.1,2.0,6.1,4.1,13.3,1.0,14.3,12.2,6.1,2.0,1.0,6.1,0.0,8.2,2.0,1.0,5.1,0.0,0.0,482.0,798.0,130.0,134.0,4.0,10686.67,8.73,8,10
R5X4,35321.0,37308.06,-88.60000000000004,238.49999999999997,324.12000000000006,323.56000000000006,307.76,AF112925,Q9WFM5,347,2.6,3.7,3.2,5.2,0.9,5.2,6.3,7.5,1.7,8.4,7.5,10.1,2.0,4.0,8.1,3.2,6.9,2.6,2.9,7.2,0.0,0.0,,,,,,39689.72,9.12,40,48
R5X4,20396.0,22109.359999999997,-94.1,143.21999999999997,198.95,179.80999999999995,190.42999999999995,M17451,P05858,208,7.7,4.3,2.9,6.7,1.9,3.4,8.7,8.2,3.8,1.4,7.7,7.2,2.4,4.3,7.2,4.3,4.8,3.4,2.9,6.7,0.0,0.0,1054.0,1590.0,286.0,311.0,9.0,23532.49,5.49,32,24
R5X4,47766.0,51207.70000000001,-188.8,336.65000000000003,472.2900000000001,433.83000000000004,449.62,K02007,P03349,502,7.8,6.2,5.0,2.8,2.0,6.8,8.0,7.8,1.8,4.8,7.4,7.4,3.2,2.4,6.6,5.8,5.8,1.8,2.0,5.0,0.0,0.0,2449.0,3922.0,718.0,738.0,26.0,56066.01,9.22,54,68
R5X4,19050.0,20709.510000000002,-78.39999999999999,135.33999999999997,187.06,169.72,179.4,U39362,Q89842,204,7.8,8.3,4.4,5.4,0.5,4.4,8.8,8.3,4.4,2.5,7.8,3.9,1.5,3.9,6.9,4.4,3.4,3.4,2.9,6.9,0.0,0.0,1043.0,1580.0,306.0,303.0,4.0,23382.13,6.14,29,25
R5X4,9416.0,10178.86,-93.39999999999999,64.58000000000001,85.25000000000003,82.5,91.87,AF069140,O93199,101,3.0,7.9,1.0,4.0,6.9,6.9,5.9,5.9,4.0,2.0,4.0,12.9,1.0,1.0,10.9,7.9,7.9,1.0,2.0,4.0,0.0,0.0,487.0,795.0,155.0,148.0,8.0,11446.1,9.61,10,21
R5X4,27602.0,29308.47,-36.8,193.07,271.58000000000004,263.78,242.52999999999997,AF458235,Q8AE97,277,8.7,4.0,3.6,5.4,1.8,6.1,6.1,7.9,2.9,9.0,5.1,9.4,1.8,2.9,3.6,4.3,3.2,2.5,2.9,8.7,0.0,0.0,1393.0,2200.0,386.0,398.0,10.0,31043.74,8.81,32,37
R5X4,47245.0,50499.06,-187.5,331.31000000000006,466.54,424.66,444.99,AF005494,O89291,492,7.3,5.7,4.3,3.0,1.8,6.9,7.9,8.5,1.6,4.7,8.1,8.1,3.3,2.6,6.9,5.1,5.7,1.8,1.8,4.7,0.0,0.0,2411.0,3862.0,696.0,718.0,25.0,54888.92,9.24,54,68
R5,11445.0,12228.219999999998,-17.9,82.73999999999998,106.12999999999998,112.61999999999998,109.29000000000003,AF062012,Q9WBM5,119,4.2,4.2,11.8,2.5,4.2,2.5,5.9,8.4,1.7,10.9,5.9,6.7,0.8,1.7,3.4,6.7,9.2,0.8,2.5,5.9,0.0,0.0,562.0,916.0,164.0,179.0,6.0,13026.81,8.67,10,13
R5,82337.0,87633.90999999999,50.30000000000003,584.8,781.1999999999998,802.6800000000001,720.5900000000001,L03698,Q76120,852,5.5,5.5,7.6,3.2,2.7,4.3,5.5,6.8,2.1,9.4,9.0,5.0,1.6,2.9,3.5,5.5,7.2,2.9,2.5,5.6,0.0,0.0,,,,,,96329.57,8.9,74,90
R5,2969.0,3245.7,1.1102230246251565e-15,22.869999999999994,25.1,31.689999999999998,30.71,AF231045,Q9IZK3,35,2.9,11.4,8.6,5.7,5.7,5.7,0.0,11.4,0.0,14.3,0.0,0.0,0.0,2.9,5.7,5.7,11.4,0.0,5.7,2.9,0.0,0.0,165.0,264.0,52.0,53.0,2.0,3888.35,8.9,2,4
R5,83874.0,89298.01999999999,47.599999999999966,593.35,799.0799999999999,813.5200000000001,726.2400000000001,AY669778,Q6BBS5,855,5.8,5.8,7.8,3.3,2.8,4.7,5.7,6.7,2.0,9.2,9.1,5.1,1.9,3.0,3.5,4.9,6.8,3.3,2.5,5.8,0.0,0.0,,,,,,97234.21,8.92,77,94
R5,76909.0,82043.07,-9.699999999999974,544.33,726.7,743.8499999999998,677.1800000000001,U08810,Q70159,781,5.4,5.1,8.1,3.7,2.8,4.5,5.6,6.7,1.9,8.7,8.8,5.4,1.7,3.1,4.0,5.5,7.4,3.1,2.4,6.1,0.0,0.0,3935.0,6199.0,1095.0,1146.0,35.0,88306.25,8.57,73,82
R5,82925.0,88537.74000000002,24.299999999999983,588.0500000000001,792.1999999999998,804.0699999999999,723.09,AF407161,Q8JDH9,849,5.7,6.0,7.9,3.8,2.9,4.8,5.8,6.5,1.8,8.0,9.5,4.8,2.0,3.2,3.3,5.5,6.8,3.2,2.4,6.1,0.0,0.0,4289.0,6764.0,1208.0,1245.0,42.0,96518.75,8.63,81,92
R5,82358.0,87705.84,107.50000000000001,592.15,781.6499999999999,817.05,730.5400000000001,AB253421,Q0ED67,853,5.5,6.1,6.6,3.4,2.8,4.6,5.3,7.6,1.9,8.7,9.8,4.5,1.4,2.7,3.4,6.8,7.0,3.2,2.5,6.3,0.0,0.0,4269.0,6763.0,1201.0,1236.0,36.0,95843.12,8.9,74,90
R5,8760.0,9193.9,-8.399999999999997,60.68000000000001,83.74,85.75999999999999,76.23,U08645,Q80332,92,6.5,8.7,8.7,3.3,2.2,4.3,4.3,5.4,2.2,13.0,3.3,10.9,0.0,3.3,2.2,4.3,7.6,1.1,1.1,7.6,0.0,0.0,460.0,767.0,143.0,131.0,2.0,10461.15,10.4,7,18
R5,8817.0,9246.01,-8.800000000000004,61.38,85.72999999999999,84.82999999999998,77.4,U08647,Q80334,92,9.8,7.6,10.9,3.3,2.2,5.4,2.2,5.4,2.2,14.1,3.3,10.9,0.0,3.3,2.2,2.2,7.6,1.1,1.1,5.4,0.0,0.0,456.0,759.0,143.0,128.0,2.0,10357.04,10.6,5,17
R5,8075.0,8743.03,-20.500000000000004,58.55999999999998,77.95999999999998,76.77,76.84000000000003,U08795,Q70143,88,6.8,8.0,2.3,2.3,1.1,4.5,10.2,6.8,3.4,4.5,4.5,3.4,2.3,2.3,9.1,10.2,4.5,3.4,1.1,9.1,0.0,0.0,433.0,677.0,127.0,131.0,3.0,9854.09,6.27,11,10
R5,20828.0,22545.879999999997,-85.80000000000001,145.76999999999998,200.47999999999996,187.96000000000004,191.51,AB253429,P89698,215,6.0,6.0,2.8,5.6,2.3,4.2,9.3,7.9,3.3,2.8,7.4,6.5,1.4,4.2,7.0,4.7,5.1,3.3,3.3,7.0,0.0,0.0,1101.0,1674.0,304.0,323.0,8.0,24593.73,5.84,32,27
R5,72452.0,77391.37000000001,-20.80000000000001,513.9399999999999,687.0400000000001,710.2499999999999,641.0300000000001,AY288084,Q7SNN1,738,5.3,5.0,7.2,3.5,2.8,5.4,6.0,6.9,1.6,9.1,8.1,5.3,1.6,2.7,3.4,6.8,7.3,3.0,2.7,6.2,0.0,0.0,3691.0,5829.0,1027.0,1096.0,33.0,83186.09,8.35,70,76
R5,6577.0,7093.150000000001,-16.899999999999995,47.96000000000001,60.09000000000001,64.9,63.169999999999995,AF307753,Q9DXJ0,69,5.8,4.3,14.5,1.4,2.9,5.8,4.3,7.2,2.9,13.0,1.4,2.9,0.0,2.9,5.8,4.3,11.6,1.4,1.4,5.8,0.0,0.0,328.0,521.0,99.0,104.0,2.0,7579.47,7.82,4,5
R5,9717.0,10701.2,-121.90000000000003,65.41999999999999,85.31,79.94999999999997,94.66000000000001,AF411964,Q8AU89,102,0.0,7.8,6.9,4.9,6.9,8.8,6.9,5.9,3.9,2.0,3.9,8.8,2.0,2.0,11.8,4.9,5.9,2.0,2.9,2.0,0.0,0.0,509.0,793.0,161.0,157.0,9.0,11968.42,8.9,12,17
R5,11258.0,12033.95,-27.200000000000003,79.05,104.91000000000001,106.0,103.69000000000001,U08823,Q70163,114,3.5,4.4,9.6,3.5,3.5,3.5,6.1,7.9,2.6,11.4,6.1,7.9,0.0,6.1,3.5,5.3,9.6,0.9,1.8,2.6,0.0,0.0,568.0,898.0,160.0,171.0,4.0,12832.59,8.76,11,14
R5,82881.0,88318.62999999999,126.4,595.53,790.18,818.9300000000002,731.6399999999999,AF411965,Q8AU77,858,6.5,6.2,7.2,3.7,2.6,4.3,4.8,7.2,1.4,7.9,10.1,4.3,1.6,3.0,3.3,6.2,7.0,3.3,2.9,6.4,0.0,0.0,4317.0,6803.0,1205.0,1242.0,36.0,96611.99,8.97,73,90
R5,83174.0,88661.01000000001,-3.2999999999999545,585.21,793.39,798.7899999999998,722.6,U92051,O70694,840,5.6,5.2,6.9,4.3,2.6,4.9,5.7,6.8,1.7,8.0,9.6,5.7,2.1,3.2,3.6,5.1,7.0,3.6,2.4,6.0,0.0,0.0,4274.0,6713.0,1177.0,1230.0,40.0,95548.86,8.48,84,92
R5,19201.0,20865.749999999996,-75.60000000000001,137.96,176.69,186.34,185.25,AF355318,Q8US63,203,3.9,5.4,11.8,3.0,3.0,5.9,4.4,7.9,1.5,7.4,4.4,4.4,1.5,3.9,3.0,8.4,10.3,3.0,1.5,4.9,0.0,0.0,,,,,,22712.51,8.98,15,20
R5,8884.0,9467.039999999999,-30.900000000000006,61.660000000000004,81.89999999999999,82.3,82.62,AY010759,Q99AM2,91,5.5,5.5,13.2,4.4,2.2,5.5,2.2,6.6,1.1,12.1,4.4,8.8,1.1,4.4,4.4,4.4,7.7,1.1,2.2,3.3,0.0,0.0,451.0,726.0,134.0,134.0,3.0,10265.72,9.86,6,13
R5,8794.0,9386.830000000002,-32.0,61.63999999999999,82.01999999999998,82.25999999999999,83.57000000000002,AY010804,Q99AI0,91,4.4,5.5,12.1,4.4,2.2,4.4,4.4,7.7,2.2,12.1,4.4,8.8,0.0,4.4,3.3,6.6,6.6,1.1,1.1,4.4,0.0,0.0,445.0,718.0,134.0,136.0,2.0,10185.53,9.57,8,13
R5,8487.0,9061.519999999999,-4.999999999999996,61.06000000000001,76.59,84.91999999999999,80.22000000000001,AY010852,Q99AD5,91,4.4,7.7,9.9,3.3,2.2,3.3,3.3,7.7,1.1,12.1,2.2,6.6,0.0,5.5,4.4,7.7,8.8,1.1,2.2,6.6,0.0,0.0,449.0,719.0,133.0,133.0,2.0,10172.58,10.02,6,13
R5,8858.0,9365.02,-10.700000000000014,60.74000000000001,82.98000000000002,84.97,74.62000000000002,U08670,Q80357,90,4.4,7.8,14.4,1.1,2.2,3.3,5.6,4.4,3.3,15.6,4.4,7.8,1.1,3.3,1.1,3.3,8.9,2.2,1.1,4.4,0.0,0.0,461.0,752.0,142.0,131.0,3.0,10476.09,10.22,6,14
R5,53110.0,56882.54,-81.80000000000001,378.21,498.2199999999999,508.26000000000005,486.53999999999996,U08798,Q70147,544,5.7,4.4,8.6,4.2,3.7,3.1,5.1,6.8,1.7,6.6,7.2,7.0,2.4,3.1,4.8,5.7,8.6,2.2,2.4,6.6,0.0,0.0,2666.0,4226.0,748.0,802.0,33.0,60647.39,8.76,51,62
R5,81870.0,87235.46999999999,41.899999999999906,577.6700000000001,782.0699999999999,794.5099999999999,705.94,AY669715,Q6BC42,855,5.4,5.7,7.5,3.7,2.5,4.3,5.6,6.0,1.3,7.1,9.8,5.0,2.5,3.0,3.0,5.4,7.5,3.4,2.2,6.4,0.0,0.0,,,,,,97360.13,8.76,80,92
R5,8992.0,9519.12,-14.70000000000001,61.75000000000001,86.26,85.05999999999999,77.6,U08710,Q70055,91,5.5,6.6,11.0,3.3,2.2,3.3,6.6,5.5,2.2,14.3,5.5,8.8,0.0,4.4,1.1,3.3,9.9,2.2,1.1,3.3,0.0,0.0,464.0,750.0,136.0,136.0,2.0,10474.01,9.56,9,14
R5,46117.0,49643.69,-110.30000000000001,326.43,432.69999999999993,438.75999999999993,418.98,U16217,O57037,473,4.9,4.9,10.4,3.8,4.2,3.6,6.6,6.1,1.7,7.8,5.9,6.1,2.1,3.4,4.2,5.1,8.7,2.1,2.3,5.9,0.0,0.0,,,,,,53363.83,8.04,49,52
R5,48122.0,51505.140000000014,-201.6,337.71000000000004,472.11000000000007,435.41999999999996,452.55999999999995,M26727,P20889,499,7.2,5.2,5.0,3.0,2.0,6.8,7.6,8.0,2.0,5.0,7.4,8.0,3.2,2.4,6.8,5.4,6.2,1.8,1.8,5.0,0.0,0.0,2434.0,3897.0,705.0,732.0,26.0,55582.56,9.15,53,66
R5,83266.0,88636.12999999998,25.499999999999915,589.2199999999999,795.4799999999998,806.5,728.5100000000001,AJ418532,Q8UL54,852,5.5,6.0,7.6,3.2,2.8,4.6,6.1,6.9,1.4,7.4,10.4,5.4,1.8,2.7,3.4,5.3,7.4,3.4,2.3,6.3,0.0,0.0,4303.0,6822.0,1208.0,1243.0,39.0,96617.19,8.96,79,97
R5,83948.0,89477.01000000001,39.10000000000002,594.3100000000001,803.6899999999999,811.7799999999999,730.7800000000001,AJ418479,Q8ULA6,857,5.7,5.8,6.9,3.7,2.6,4.7,6.2,6.7,1.6,7.1,10.3,5.0,2.0,3.3,3.9,5.4,6.9,3.2,2.6,6.7,0.0,0.0,4348.0,6846.0,1204.0,1254.0,39.0,97301.84,8.48,85,93
R5,83977.0,89509.06999999999,12.899999999999977,592.6,802.2800000000001,814.3799999999998,729.1200000000001,AJ418495,Q8UL89,857,5.8,6.0,7.2,3.3,2.6,4.7,5.8,6.4,1.5,7.2,9.7,5.5,2.1,3.3,3.3,5.5,8.2,3.4,2.5,6.2,0.0,0.0,4348.0,6862.0,1214.0,1254.0,40.0,97490.09,9.07,78,98
R5,82664.0,88075.36000000002,56.10000000000002,586.23,791.18,806.4299999999998,717.81,AJ418514,Q8UL72,855,5.5,7.0,6.4,4.2,2.9,4.4,6.0,6.7,1.5,8.1,9.7,5.1,1.9,2.8,3.2,5.5,7.0,3.3,2.5,6.3,0.0,0.0,4332.0,6874.0,1226.0,1251.0,41.0,97462.15,8.91,87,104
R5,83352.0,88792.20999999999,66.29999999999995,592.51,795.0700000000002,815.5999999999998,729.6300000000001,AJ418521,Q8UL65,854,5.6,5.9,6.3,3.4,2.5,4.7,6.1,7.0,1.5,7.6,9.7,5.0,1.9,3.2,3.7,6.4,6.7,3.4,2.5,6.9,0.0,0.0,4322.0,6810.0,1196.0,1244.0,37.0,96617.1,8.75,81,93
R5,9141.0,9886.54,-79.3,63.43999999999999,82.95000000000002,81.26,89.63,U23487,Q71816,101,3.0,9.9,1.0,4.0,6.9,6.9,6.9,5.9,2.0,2.0,4.0,10.9,1.0,1.0,11.9,6.9,7.9,1.0,2.0,5.0,0.0,0.0,487.0,799.0,155.0,149.0,8.0,11466.13,9.56,11,21
R5,10557.0,11336.1,-8.400000000000006,77.17,97.67999999999999,103.61999999999999,99.97,U04900,Q74738,112,4.5,6.2,9.8,2.7,2.7,5.4,3.6,8.9,4.5,12.5,4.5,3.6,0.9,5.4,4.5,6.2,8.9,0.9,0.9,3.6,0.0,0.0,545.0,863.0,165.0,162.0,4.0,12447.1,9.35,7,11
R5,12499.0,13504.450000000004,-39.599999999999994,88.25000000000001,115.76,120.45999999999998,115.82,AF022258,O37883,129,3.1,5.4,12.4,3.1,3.1,4.7,7.0,6.2,1.6,10.9,3.1,5.4,0.8,5.4,3.1,7.8,8.5,1.6,1.6,5.4,0.0,0.0,636.0,1001.0,185.0,201.0,5.0,14615.36,7.93,13,14
R5,10970.0,11711.550000000001,-21.6,77.44,103.41,105.33999999999999,101.36000000000001,AF258957,Q9E4B5,113,3.5,5.3,11.5,1.8,2.7,2.7,8.8,7.1,1.8,11.5,4.4,7.1,0.0,5.3,3.5,6.2,8.8,0.9,0.9,6.2,0.0,0.0,556.0,892.0,160.0,172.0,3.0,12666.35,8.55,12,14
R5,6067.0,6452.529999999999,-25.000000000000004,41.620000000000005,55.120000000000005,57.23,55.31,AF021477,O37564,63,3.2,7.9,9.5,3.2,3.2,6.3,3.2,7.9,1.6,12.7,4.8,9.5,0.0,3.2,3.2,3.2,11.1,1.6,3.2,1.6,0.0,0.0,318.0,517.0,97.0,93.0,2.0,7251.32,10.03,4,11
R5,8546.0,9144.550000000001,-13.899999999999995,60.510000000000005,78.73,84.81000000000002,76.99000000000001,U08716,Q70060,91,3.3,8.8,13.2,2.2,2.2,5.5,4.4,5.5,2.2,11.0,5.5,4.4,0.0,3.3,2.2,6.6,9.9,2.2,1.1,6.6,0.0,0.0,452.0,732.0,142.0,137.0,2.0,10411.77,10.18,6,12
R5,81120.0,86606.43000000001,60.19999999999993,577.45,772.2900000000001,796.81,706.6800000000001,U39259,Q73364,839,5.5,6.8,7.3,3.1,2.5,4.9,6.2,6.8,1.3,7.2,9.9,3.9,1.9,2.7,3.6,5.4,7.7,3.6,2.7,7.0,0.0,0.0,4256.0,6705.0,1197.0,1231.0,37.0,95524.55,8.78,78,90
R5X4,9676.0,10044.119999999999,33.49999999999997,69.79999999999998,91.04999999999998,95.22999999999999,87.46000000000001,AF204137,Q9Q4U0,98,3.1,4.1,4.1,4.1,2.0,6.1,4.1,13.3,1.0,14.3,12.2,6.1,2.0,1.0,6.1,0.0,8.2,2.0,1.0,5.1,0.0,0.0,482.0,798.0,130.0,134.0,4.0,10686.67,8.73,8,10
R5,9410.0,10240.81,-110.0,64.05000000000001,83.69,81.03999999999999,93.46000000000001,M38429,P20879,101,1.0,7.9,2.0,5.0,6.9,8.9,5.9,5.9,3.0,1.0,4.0,11.9,1.0,1.0,11.9,7.9,7.9,1.0,2.0,4.0,0.0,0.0,486.0,789.0,155.0,153.0,8.0,11508.04,9.42,11,20
R5,84306.0,89762.59000000001,60.49999999999997,598.05,798.0300000000001,824.8199999999998,735.0400000000001,U27443,Q97013,859,5.2,5.6,7.0,3.3,2.8,5.1,5.4,7.0,1.4,7.8,10.1,5.0,2.0,3.0,3.7,5.8,7.6,3.4,2.6,6.3,0.0,0.0,4347.0,6861.0,1203.0,1249.0,41.0,97275.06,8.92,74,91
R5,83296.0,88751.07,39.80000000000001,591.7600000000001,795.1700000000001,810.67,731.4800000000001,U79719,P88523,856,6.0,6.1,7.6,3.5,2.6,4.8,5.8,6.9,1.4,7.8,9.7,4.9,1.5,2.8,3.7,5.3,7.0,3.4,2.5,6.8,0.0,0.0,4322.0,6827.0,1213.0,1249.0,35.0,96888.23,8.84,80,94
R5,10869.0,11599.58,-30.599999999999998,75.78999999999999,99.15999999999998,102.16999999999997,99.86000000000003,U04909,Q74751,110,3.6,4.5,11.8,4.5,3.6,2.7,4.5,7.3,0.9,10.0,4.5,9.1,1.8,4.5,4.5,2.7,10.0,0.9,2.7,5.5,0.0,0.0,545.0,872.0,154.0,164.0,6.0,12398.21,9.16,10,15
R5,8689.0,9359.720000000003,-31.5,61.940000000000005,80.90999999999998,81.42999999999998,83.91000000000001,U04918,Q74760,93,4.3,7.5,12.9,4.3,2.2,5.4,4.3,7.5,2.2,10.8,4.3,5.4,1.1,4.3,4.3,6.5,6.5,1.1,1.1,4.3,0.0,0.0,452.0,725.0,141.0,140.0,3.0,10470.77,9.51,8,12
R5,9283.0,10082.69,-100.19999999999997,63.080000000000005,84.54,81.07000000000001,90.15,U04908,Q74747,101,1.0,9.9,1.0,5.0,6.9,8.9,5.9,6.9,3.0,1.0,3.0,12.9,2.0,3.0,8.9,6.9,7.9,1.0,1.0,4.0,0.0,0.0,492.0,803.0,161.0,150.0,9.0,11662.32,9.75,11,23
R5,8127.0,8827.15,-25.499999999999996,60.239999999999995,83.92999999999998,72.96000000000001,82.48000000000002,U08450,Q70005,90,13.3,6.7,3.3,4.4,1.1,2.2,8.9,8.9,2.2,1.1,5.6,5.6,4.4,2.2,7.8,7.8,3.3,3.3,1.1,6.7,0.0,0.0,425.0,665.0,125.0,131.0,5.0,9782.01,6.08,12,11
R5,81514.0,86833.85,44.900000000000034,578.24,776.51,790.4299999999998,715.14,AF112542,Q9QKJ6,837,5.6,6.1,7.3,4.4,2.6,4.4,5.5,6.6,1.2,7.5,10.2,5.1,1.8,3.0,3.8,5.6,6.9,3.2,2.4,6.7,0.0,0.0,4226.0,6686.0,1178.0,1227.0,37.0,94814.95,8.68,83,94
R5,83120.0,88580.99000000002,50.80000000000001,589.1800000000001,794.76,806.7499999999999,724.17,M63929,Q78225,854,5.5,6.4,7.3,3.3,2.6,4.3,6.4,6.8,1.6,7.8,9.8,4.9,2.2,2.8,3.5,5.9,6.3,3.4,2.5,6.6,0.0,0.0,4330.0,6845.0,1217.0,1245.0,41.0,97186.85,8.84,83,97
R5,50975.0,54772.82,-101.40000000000003,361.67,475.72,488.78,463.80000000000007,U66221,O40325,525,4.8,5.3,9.1,3.6,3.6,3.8,5.5,6.5,1.7,6.7,6.9,6.1,2.7,3.2,4.4,5.9,9.3,2.3,2.5,6.1,0.0,0.0,2589.0,4097.0,739.0,783.0,33.0,59162.47,8.86,48,60
R5,84399.0,90070.40000000002,14.600000000000023,598.7100000000002,800.1800000000001,822.9799999999998,742.9799999999999,AF491737,Q8Q2X5,865,5.1,5.9,6.5,3.9,2.5,4.9,5.5,7.2,1.5,7.2,9.9,5.1,2.1,2.8,3.5,6.4,7.5,3.6,2.5,6.5,0.0,0.0,4368.0,6885.0,1217.0,1270.0,40.0,98051.51,8.78,82,95
R5,10988.0,11875.65,-26.1,78.60000000000001,101.75,105.60999999999997,103.11000000000001,U08779,Q70123,115,5.2,6.1,13.0,0.9,3.5,3.5,6.1,7.0,2.6,10.4,3.5,5.2,0.0,7.0,3.5,7.0,8.7,0.9,2.6,3.5,0.0,0.0,571.0,888.0,168.0,172.0,4.0,12986.59,9.27,8,13
R5,81484.0,86933.72,12.599999999999966,580.4300000000001,781.8699999999999,788.1599999999997,725.86,U27413,Q97006,841,6.2,5.9,7.4,3.9,2.6,5.0,5.5,6.9,1.4,7.3,10.1,5.1,1.7,3.0,3.7,6.4,6.4,3.1,2.3,6.2,0.0,0.0,4209.0,6662.0,1188.0,1231.0,36.0,94758.58,8.84,79,93
R5,19911.0,21590.690000000002,-89.00000000000001,139.26,192.54999999999998,174.92999999999995,185.29999999999998,AF005495,O70896,206,5.8,6.3,3.4,4.9,1.5,4.4,10.2,8.3,3.4,2.9,9.7,4.9,2.4,2.9,7.8,5.3,3.9,3.4,3.9,4.9,0.0,0.0,1056.0,1604.0,292.0,312.0,8.0,23638.6,5.41,31,23
R5,47798.0,51031.81,-181.8,334.98,471.7600000000001,431.61999999999995,442.95000000000005,U52953,O12157,496,7.3,5.6,4.6,4.0,2.2,6.0,7.1,7.5,2.4,4.6,8.3,8.5,3.6,2.2,6.2,4.6,7.1,1.8,1.2,5.0,0.0,0.0,2419.0,3906.0,708.0,724.0,29.0,55421.67,9.23,55,70
R5,20255.0,21931.12,-86.50000000000001,142.72,194.17999999999998,180.04,191.58999999999997,AF321523,Q99BZ6,207,6.8,4.3,3.9,5.3,1.0,3.4,9.2,9.2,3.4,2.9,7.7,5.8,2.4,3.4,8.2,4.3,4.8,3.4,3.9,6.8,0.0,0.0,1051.0,1584.0,282.0,310.0,7.0,23354.26,5.27,30,21
R5,5221.0,5489.56,9.499999999999996,37.660000000000004,47.06999999999999,53.540000000000006,46.190000000000005,U45485,Q97020,55,3.6,7.3,7.3,5.5,3.6,3.6,1.8,7.3,3.6,16.4,1.8,7.3,1.8,1.8,5.5,3.6,7.3,0.0,1.8,9.1,0.0,0.0,268.0,447.0,81.0,77.0,3.0,6132.17,9.59,4,8
R5,19955.0,21670.91,-72.8,140.76000000000002,195.11,178.06000000000003,183.48,AB023804,Q9QN90,207,6.8,6.3,2.4,5.8,2.9,3.9,9.7,8.2,3.4,1.9,8.2,5.8,2.4,4.8,6.8,4.3,4.3,3.4,2.9,5.8,0.0,0.0,1059.0,1600.0,292.0,309.0,11.0,23718.79,5.54,32,25
R5,83210.0,88748.81,38.99999999999989,591.9299999999998,787.27,809.5999999999999,736.29,U08453,Q70010,852,5.8,5.6,7.4,4.3,2.6,4.1,4.9,7.0,1.6,8.0,9.6,5.3,1.4,3.3,3.5,6.2,6.9,3.5,2.5,6.3,0.0,0.0,4306.0,6761.0,1197.0,1242.0,34.0,96261.36,8.83,79,93
R5,6515.0,7024.9800000000005,-27.299999999999994,46.16,60.120000000000005,62.3,61.3,AF307755,Q9DXI8,69,2.9,7.2,14.5,4.3,2.9,4.3,5.8,5.8,2.9,13.0,4.3,4.3,0.0,1.4,2.9,5.8,10.1,1.4,1.4,4.3,0.0,0.0,333.0,541.0,105.0,109.0,2.0,7823.72,7.81,7,8
R5,6487.0,6912.0199999999995,-11.400000000000006,45.99,58.58,63.699999999999996,58.57,AF307750,Q9DXJ3,69,2.9,8.7,11.6,4.3,2.9,2.9,4.3,5.8,4.3,14.5,2.9,5.8,0.0,1.4,4.3,4.3,8.7,1.4,1.4,7.2,0.0,0.0,341.0,558.0,108.0,102.0,2.0,7866.96,9.59,6,10
R5,83077.0,88660.90999999999,37.09999999999994,591.69,788.09,807.75,737.6500000000001,AY043176,Q901W3,850,5.9,5.4,7.4,3.6,2.6,4.7,5.1,7.3,1.4,7.8,9.8,5.1,2.1,3.2,3.6,6.6,6.5,3.2,2.9,5.9,0.0,0.0,4279.0,6725.0,1185.0,1238.0,40.0,95861.06,8.87,74,89
R5,20234.0,21949.189999999995,-73.2,143.81,195.19999999999996,181.75,192.33,AY158534,Q8AFE3,214,7.0,7.0,2.8,5.6,1.9,3.7,8.4,9.3,2.3,1.9,7.9,5.6,2.3,4.2,7.5,4.7,4.7,3.3,3.7,6.1,0.0,0.0,1087.0,1650.0,302.0,317.0,9.0,24309.43,5.99,30,27
R5,20027.0,21674.879999999997,-81.80000000000001,140.55999999999997,194.04,177.03,186.54999999999998,AY043173,Q901Y9,207,7.2,5.8,3.4,5.8,1.9,3.9,8.7,7.7,3.4,1.9,9.2,6.3,1.4,3.9,7.7,5.3,3.4,3.4,3.4,6.3,0.0,0.0,1058.0,1604.0,292.0,308.0,7.0,23566.57,5.82,30,25
R5,6590.0,7011.18,-10.500000000000002,46.8,61.769999999999996,63.9,59.17,AF307757,Q9DXI6,68,4.4,5.9,13.2,1.5,2.9,5.9,4.4,5.9,4.4,14.7,7.4,4.4,1.5,0.0,2.9,5.9,8.8,1.5,1.5,2.9,0.0,0.0,329.0,543.0,103.0,101.0,3.0,7653.74,9.3,4,7
R5,55322.0,58785.79,53.00000000000004,395.03,534.09,539.1899999999999,493.89,U08803,Q70153,579,6.0,7.4,7.6,2.2,1.7,5.4,5.9,8.3,1.4,9.0,11.2,4.3,1.2,2.6,2.6,6.4,6.2,3.3,2.6,4.7,0.0,0.0,2921.0,4653.0,843.0,837.0,17.0,65518.24,9.62,47,68
R5,7585.0,8312.7,-72.60000000000001,54.1,61.309999999999995,65.61,80.61,U88824,O41786,86,1.2,10.5,5.8,2.3,8.1,5.8,3.5,9.3,2.3,1.2,2.3,8.1,1.2,1.2,17.4,4.7,4.7,1.2,4.7,4.7,0.0,0.0,418.0,659.0,135.0,119.0,8.0,9736.14,9.76,5,16
R5,8120.0,8696.06,-21.10000000000001,57.230000000000004,74.53,78.52,74.36,U69657,Q97572,86,5.8,8.1,12.8,2.3,2.3,4.7,3.5,5.8,2.3,12.8,3.5,5.8,0.0,3.5,3.5,4.7,10.5,1.2,3.5,3.5,0.0,0.0,429.0,688.0,132.0,128.0,2.0,9807.11,10.02,5,12
R5,18002.0,19335.31,-35.500000000000014,130.5,166.20000000000002,174.08000000000004,176.37999999999997,AF355326,Q8US55,190,4.2,4.7,11.6,3.2,3.2,2.1,4.7,9.5,1.1,8.9,6.3,6.3,1.6,3.7,3.2,7.4,10.0,1.6,2.1,4.2,0.0,0.0,,,,,,20869.81,9.08,15,21
R5,47655.0,50947.69,-153.89999999999998,336.67,474.09000000000003,431.46999999999997,447.44999999999993,U88826,P0C1K7,497,8.7,5.4,4.6,2.8,2.0,6.6,7.8,7.8,1.6,5.8,7.2,7.6,3.2,2.8,7.0,5.6,5.2,2.0,1.4,4.4,0.0,0.0,2425.0,3878.0,698.0,721.0,26.0,55181.27,9.12,53,65
R5,43571.0,46795.450000000004,-99.60000000000001,308.8299999999999,405.55,413.27000000000004,400.18,U08368,Q69987,445,5.2,4.3,10.6,4.7,4.5,2.7,5.4,5.6,1.6,8.5,6.3,7.0,1.6,3.4,4.7,5.8,9.0,1.6,2.5,5.2,0.0,0.0,2173.0,3449.0,613.0,672.0,27.0,49779.61,8.3,45,50
R5,82840.0,88228.63999999998,76.7,589.5899999999999,789.9799999999999,809.4900000000001,724.4300000000002,U27426,Q97009,850,6.5,6.0,7.8,3.5,2.7,4.9,4.8,6.7,1.5,8.1,10.4,4.8,1.5,2.7,3.3,6.1,6.1,3.4,2.9,6.1,0.0,0.0,4299.0,6781.0,1207.0,1230.0,36.0,96209.64,9.09,71,92
R5,20192.0,21832.020000000004,-55.10000000000002,142.53,198.89999999999998,181.66,183.84,AJ006022,O91087,212,7.5,7.5,4.2,5.7,1.4,4.2,9.4,7.1,3.3,4.7,8.5,4.2,1.4,3.8,6.6,4.7,3.3,3.8,2.4,6.1,0.0,0.0,1089.0,1663.0,309.0,317.0,6.0,24348.42,5.54,32,25
X4,10448.0,11009.980000000001,-18.10000000000001,71.64,96.23999999999998,101.24999999999999,90.8,AB014785,Q9YN43,107,1.9,7.5,10.3,0.0,1.9,3.7,7.5,5.6,1.9,10.3,7.5,8.4,0.9,1.9,3.7,5.6,10.3,1.9,1.9,7.5,0.0,0.0,541.0,893.0,161.0,158.0,3.0,12277.21,10.09,8,17
X4,10557.0,11139.100000000002,-21.60000000000001,72.25999999999999,97.82999999999998,101.76999999999997,91.81,AB014791,Q9YN41,107,1.9,6.5,10.3,0.0,1.9,3.7,8.4,5.6,1.9,10.3,7.5,8.4,0.9,1.9,3.7,5.6,10.3,1.9,1.9,7.5,0.0,0.0,540.0,888.0,158.0,160.0,3.0,12250.13,9.8,9,16
X4,10444.0,11028.940000000002,-16.500000000000007,71.82,97.21,101.74,90.38,AB014796,Q9YN38,107,1.9,7.5,10.3,0.0,1.9,3.7,8.4,5.6,1.9,11.2,7.5,7.5,0.9,1.9,2.8,5.6,11.2,1.9,1.9,6.5,0.0,0.0,540.0,890.0,160.0,161.0,3.0,12296.16,9.86,9,16
X4,10403.0,10976.910000000003,-11.900000000000007,72.14999999999999,96.13,101.96000000000002,90.50999999999999,AB014810,Q9YN29,107,1.9,7.5,10.3,0.9,1.9,3.7,6.5,6.5,2.8,9.3,8.4,7.5,0.9,1.9,2.8,4.7,10.3,1.9,1.9,8.4,0.0,0.0,539.0,886.0,162.0,157.0,3.0,12244.13,10.02,8,16
X4,20686.0,22094.79,-33.8,147.18999999999997,191.02,197.60999999999999,193.01000000000002,U48267,Q75117,213,3.3,5.2,8.9,1.9,2.8,2.8,6.6,9.4,2.3,10.3,6.1,6.6,2.3,4.2,4.7,4.7,10.3,0.9,2.8,3.8,0.0,0.0,1051.0,1673.0,297.0,313.0,11.0,23830.31,9.17,18,25
X4,8408.0,9007.45,-5.0999999999999925,60.86000000000001,76.20999999999998,87.89,76.24,U08666,Q80353,93,4.3,10.8,10.8,2.2,2.2,7.5,1.1,6.5,2.2,10.8,3.2,3.2,1.1,2.2,2.2,6.5,11.8,2.2,2.2,7.5,0.0,0.0,456.0,745.0,149.0,136.0,3.0,10587.03,11.45,3,13
X4,20166.0,21715.14,-64.89999999999998,141.20999999999998,193.82000000000005,179.84,184.79999999999995,AF069672,Q9WLH2,205,5.9,4.9,2.9,5.9,2.4,3.4,8.8,7.8,3.9,3.9,8.3,7.3,2.0,4.4,7.8,5.9,2.4,3.4,2.0,6.8,0.0,0.0,1048.0,1600.0,286.0,300.0,9.0,23294.51,5.91,30,25
X4,18960.0,20510.37,-65.9,137.65,171.71,184.62000000000003,188.33999999999995,AF355319,Q8US62,205,2.4,7.3,12.2,3.9,2.9,5.4,3.4,10.7,1.5,9.3,4.9,4.4,1.0,3.4,2.9,5.4,10.7,2.0,2.0,4.4,0.0,0.0,984.0,1567.0,305.0,309.0,8.0,22870.6,9.53,15,24
X4,19553.0,21281.149999999994,-79.40000000000002,141.72,178.57,189.94000000000003,193.32999999999996,AF355336,Q8US45,209,4.3,6.2,11.5,3.8,2.9,5.3,3.8,10.0,1.4,8.1,3.8,4.3,1.4,3.3,2.9,6.2,10.5,2.4,3.3,4.3,0.0,0.0,1008.0,1573.0,303.0,319.0,9.0,23328.96,9.08,16,22
X4,19622.0,21215.359999999997,-65.30000000000001,139.05999999999997,192.98,175.12000000000003,182.42999999999995,M14100,P05854,206,8.7,6.8,3.4,4.4,1.0,2.9,9.2,7.8,4.4,2.4,8.7,5.3,1.9,3.4,7.3,5.3,3.9,3.4,3.4,6.3,0.0,0.0,1051.0,1599.0,297.0,302.0,6.0,23419.43,6.31,28,25
X4,83840.0,89506.84999999998,22.60000000000008,595.8999999999999,797.8,818.69,738.6500000000001,A04321,P03377,861,5.6,5.9,7.3,3.0,2.7,5.0,5.7,6.9,1.5,7.5,9.4,5.0,2.1,3.0,3.4,7.0,7.0,3.6,2.2,6.3,0.0,0.0,4336.0,6840.0,1220.0,1257.0,41.0,97487.88,9.03,75,94
X4,143671.0,152809.9,-426.99999999999994,991.7,1398.4499999999998,1328.0399999999997,1282.5,X01762,P03366,1447,6.7,4.6,4.1,4.3,1.4,6.6,7.5,7.4,1.9,7.0,7.6,8.7,2.1,2.4,5.5,4.4,6.2,2.6,2.7,6.5,0.0,0.0,7293.0,11575.0,2019.0,2134.0,50.0,163288.38,8.93,170,193
X4,83749.0,89117.69999999998,77.0,599.7,804.1899999999998,819.2199999999998,744.3500000000001,U08447,Q70000,864,6.4,5.8,7.1,3.6,2.8,4.6,5.2,7.5,1.6,7.6,10.3,5.3,1.6,2.8,3.2,6.4,6.2,3.2,2.2,6.5,0.0,0.0,4316.0,6849.0,1217.0,1246.0,38.0,96942.54,9.04,76,96
X4,10498.0,11211.990000000002,-17.500000000000014,74.13,97.16,103.72000000000001,94.62,AF355660,Q90TH2,110,3.6,7.3,12.7,2.7,1.8,3.6,5.5,5.5,2.7,10.0,3.6,6.4,0.9,3.6,2.7,7.3,7.3,1.8,0.9,10.0,0.0,0.0,544.0,879.0,167.0,164.0,3.0,12479.16,9.83,9,15
X4,10567.0,11168.119999999997,-6.199999999999995,74.42,101.77999999999997,102.88000000000001,95.91,AF355748,Q8US20,111,5.4,7.2,9.0,2.7,1.8,2.7,7.2,6.3,0.9,11.7,4.5,9.0,1.8,3.6,2.7,8.1,6.3,0.9,0.9,7.2,0.0,0.0,543.0,899.0,161.0,164.0,4.0,12435.33,9.8,11,18
X4,10702.0,11296.289999999999,-10.099999999999994,74.94,103.00999999999998,103.57000000000001,96.98,AF355742,Q8US26,111,5.4,6.3,9.0,2.7,1.8,2.7,7.2,6.3,0.9,11.7,4.5,9.9,1.8,3.6,2.7,8.1,6.3,0.9,0.9,7.2,0.0,0.0,543.0,899.0,159.0,164.0,4.0,12407.32,9.74,11,18
X4,11062.0,11716.679999999998,-23.900000000000002,75.92999999999999,104.89000000000001,102.89999999999999,97.59,AF355706,Q90TC6,111,3.6,5.4,9.0,3.6,1.8,2.7,8.1,6.3,2.7,12.6,6.3,9.0,0.9,4.5,3.6,4.5,8.1,0.9,1.8,4.5,0.0,0.0,563.0,907.0,159.0,167.0,3.0,12671.54,8.98,13,16
X4,12453.0,13398.34,-35.89999999999999,86.89000000000001,114.52000000000002,121.67999999999999,112.81,AF180915,Q9QER0,129,2.3,7.0,14.0,2.3,2.3,4.7,7.0,6.2,0.8,10.1,4.7,5.4,0.0,4.7,1.6,6.2,9.3,1.6,3.1,7.0,0.0,0.0,648.0,1027.0,191.0,202.0,3.0,14821.62,9.13,12,16
X4,5848.0,6189.289999999999,-18.499999999999996,39.57,53.37000000000001,57.35,50.38,AF180903,Q9QES2,63,3.2,12.7,9.5,1.6,3.2,6.3,4.8,6.3,0.0,12.7,3.2,9.5,0.0,1.6,1.6,1.6,11.1,1.6,4.8,4.8,0.0,0.0,325.0,540.0,104.0,93.0,2.0,7456.62,10.5,4,14
X4,83316.0,88746.18000000001,44.89999999999995,590.4,793.77,814.4699999999999,725.0,AF035534,O92823,857,5.4,6.5,7.6,3.3,2.5,5.0,5.6,6.9,1.5,7.2,10.0,4.9,2.0,2.9,3.2,5.4,7.4,3.4,2.5,7.0,0.0,0.0,4343.0,6876.0,1230.0,1248.0,38.0,97508.14,9.18,76,98
X4,9104.0,9736.23,-25.300000000000008,64.15,83.3,88.91999999999999,84.48,AF259050,Q9E422,98,3.1,9.2,12.2,2.0,2.0,6.1,5.1,6.1,1.0,12.2,4.1,5.1,0.0,3.1,4.1,6.1,10.2,1.0,2.0,5.1,0.0,0.0,483.0,789.0,151.0,149.0,2.0,11159.62,10.13,7,14
X4,10667.0,11307.289999999999,1.9000000000000061,76.05999999999997,100.78,103.91,97.12000000000002,AF258981,Q9E491,113,4.4,8.0,8.8,3.5,2.7,2.7,6.2,8.0,1.8,12.4,5.3,7.1,1.8,3.5,3.5,5.3,6.2,0.9,1.8,6.2,0.0,0.0,558.0,912.0,166.0,164.0,5.0,12730.69,9.55,11,17
X4,10753.0,11395.389999999998,-6.599999999999998,75.64999999999999,102.67999999999999,103.27999999999997,96.67000000000002,AF259003,Q9E469,113,4.4,8.0,8.0,2.7,2.7,2.7,8.0,7.1,1.8,12.4,5.3,8.0,1.8,3.5,3.5,6.2,6.2,0.9,1.8,5.3,0.0,0.0,562.0,920.0,166.0,166.0,5.0,12818.8,9.51,12,18
X4,5849.0,6189.28,-18.2,39.59,52.959999999999994,57.02,50.67000000000001,AF021618,O37705,63,3.2,12.7,9.5,3.2,3.2,6.3,3.2,6.3,0.0,14.3,3.2,9.5,0.0,1.6,1.6,1.6,11.1,1.6,4.8,3.2,0.0,0.0,325.0,540.0,104.0,93.0,2.0,7456.62,10.5,4,14
X4,16103.0,17226.020000000004,5.899999999999997,117.02000000000001,150.48,160.35,149.46999999999997,AF128989,Q9JE57,167,4.2,4.8,10.8,1.2,3.0,3.6,6.0,8.4,2.4,11.4,6.6,4.2,1.2,4.8,3.0,7.8,9.0,1.2,1.8,4.8,0.0,0.0,813.0,1292.0,232.0,247.0,7.0,18493.03,8.68,12,15
X4,48615.0,52058.750000000015,-212.90000000000003,340.04999999999995,481.46,438.71,455.2900000000001,M17449,P05888,507,7.7,5.9,4.9,2.8,2.2,6.9,8.1,7.7,1.8,5.5,7.1,8.3,3.2,2.4,6.1,5.7,5.9,1.8,2.0,4.1,0.0,0.0,2478.0,3980.0,726.0,747.0,27.0,56760.9,9.3,55,72
X4,84231.0,89792.12000000001,6.099999999999994,595.6699999999998,800.09,816.9499999999998,739.5999999999999,AF075720,O90295,861,5.6,5.8,7.0,3.9,2.4,4.4,5.3,6.6,1.7,7.4,10.0,5.6,1.9,2.8,3.4,6.6,7.2,3.5,2.6,6.3,0.0,0.0,4353.0,6871.0,1217.0,1261.0,37.0,97617.06,9.0,80,98
X4,19963.0,21668.59,-59.1,145.01,184.52,188.48,197.15000000000003,U48207,P88062,218,3.2,8.3,11.5,5.0,2.8,2.8,6.0,8.3,1.4,9.6,5.5,3.2,1.8,3.7,4.6,7.3,8.7,1.8,1.4,3.2,0.0,0.0,1052.0,1670.0,320.0,336.0,10.0,24497.37,7.78,24,25
X4,18395.0,19793.76,-62.99999999999996,130.31000000000003,168.17000000000002,174.54999999999995,175.10999999999999,U72495,Q97670,189,2.6,4.8,12.2,3.7,3.2,3.7,4.8,9.0,2.1,11.1,4.8,6.9,1.6,4.2,2.6,6.3,9.5,2.1,1.6,3.2,0.0,0.0,924.0,1463.0,271.0,285.0,9.0,21216.96,9.08,16,22
X4,82700.0,87748.58999999998,98.20000000000005,584.3400000000001,791.48,804.92,714.7799999999999,AY189526,Q8AF19,847,5.9,6.4,6.6,3.7,2.5,4.4,5.8,6.5,1.1,8.4,9.9,5.8,2.0,3.3,3.7,5.8,6.4,3.1,2.5,6.5,0.0,0.0,4308.0,6845.0,1195.0,1225.0,38.0,96198.29,9.18,80,103
X4,24949.0,26690.079999999998,-76.1,175.5,229.18,241.72999999999996,228.68000000000004,AF034375,O89498,254,3.9,3.9,11.0,4.3,3.9,3.9,3.5,5.1,1.2,6.7,7.5,7.9,1.6,2.8,3.5,5.9,13.8,0.4,3.1,5.9,0.0,0.0,1222.0,1983.0,349.0,391.0,14.0,28269.13,9.13,20,30
X4,24874.0,26625.05,-70.4,175.73999999999998,229.21,241.42999999999998,229.29000000000002,AF034376,O89499,254,3.9,3.9,11.8,3.1,4.3,3.9,4.3,5.5,0.8,6.3,7.9,7.5,1.6,2.8,3.5,5.9,13.4,0.4,3.1,5.9,0.0,0.0,1217.0,1976.0,348.0,390.0,15.0,28204.07,9.09,19,29
X4,82988.0,88591.64,18.400000000000013,589.5099999999999,793.0800000000002,807.6400000000002,728.6300000000001,U27408,Q97004,850,5.9,5.8,7.4,3.5,2.7,5.4,5.6,6.8,1.8,7.8,9.9,4.7,1.5,2.9,3.4,6.0,6.7,3.3,2.6,6.2,0.0,0.0,4288.0,6750.0,1204.0,1246.0,36.0,96260.24,8.67,78,89
X4,20640.0,22480.519999999997,-100.70000000000002,146.11,199.96,183.75,196.06,AF411966,Q8AU67,218,7.3,6.9,3.7,6.9,1.8,5.0,8.3,8.3,3.2,3.2,7.8,4.6,1.4,2.8,7.3,4.6,4.1,3.2,4.1,5.5,0.0,0.0,1102.0,1671.0,313.0,332.0,7.0,24840.71,5.4,33,25
X4,81951.0,87192.48999999999,64.90000000000006,583.16,784.84,797.7299999999999,718.7700000000001,U27399,Q97001,839,6.1,5.7,7.0,3.2,2.7,4.9,5.7,7.2,1.5,8.1,10.7,4.9,1.7,2.5,3.6,5.6,7.2,3.3,2.6,5.7,0.0,0.0,4227.0,6692.0,1178.0,1219.0,37.0,94705.01,8.82,75,89
X4,10987.0,11719.689999999999,-11.700000000000003,77.34000000000002,102.41,105.78999999999998,97.72000000000003,U08822,Q70162,114,5.3,7.0,10.5,2.6,3.5,2.6,5.3,5.3,2.6,10.5,6.1,7.0,0.0,5.3,3.5,5.3,9.6,0.9,2.6,4.4,0.0,0.0,574.0,916.0,168.0,168.0,4.0,12986.85,9.55,9,16
X4,8943.0,9369.129999999997,-5.3999999999999995,61.73000000000001,83.83999999999997,87.58,77.20000000000002,U08738,Q70082,91,4.4,6.6,8.8,1.1,2.2,7.7,4.4,6.6,1.1,14.3,8.8,7.7,0.0,1.1,3.3,3.3,11.0,1.1,3.3,3.3,0.0,0.0,457.0,760.0,134.0,133.0,2.0,10324.0,10.02,5,13
X4,9128.0,9563.35,1.8999999999999964,63.27000000000001,85.80999999999999,91.63999999999999,78.30000000000001,U08740,Q70084,92,5.4,5.4,12.0,2.2,2.2,8.7,2.2,5.4,0.0,16.3,7.6,7.6,0.0,1.1,1.1,5.4,8.7,1.1,3.3,4.3,0.0,0.0,456.0,762.0,134.0,136.0,2.0,10362.0,10.02,4,12
X4,19277.0,20624.839999999997,-25.399999999999995,141.26999999999998,178.56,193.13999999999996,190.06,U08193,Q77371,204,4.4,4.4,8.8,1.5,2.9,3.9,4.9,9.8,1.5,11.3,5.4,5.9,1.0,2.9,3.4,9.8,11.8,1.0,2.0,3.4,0.0,0.0,955.0,1549.0,277.0,305.0,8.0,22047.96,9.34,13,21
X4,18759.0,20174.239999999998,-43.000000000000014,135.25000000000003,174.55,180.52000000000004,180.88,AF355330,Q8US51,198,4.0,6.1,12.1,3.0,3.0,4.0,5.6,10.1,1.0,11.6,4.5,5.1,1.5,4.0,3.0,3.5,11.1,1.5,2.0,3.0,0.0,0.0,958.0,1527.0,283.0,298.0,9.0,22065.92,8.95,17,22
